Title,URL,PublishedAt,description
IPL 2024: #39;Bade Miyan Chote Miyan#39; actors Akshay Kumar and Tiger Shroff predict these teams will make into playoffs,https://www.moneycontrol.com/entertainment/movies/ipl-2024-bade-miyan-chote-miyan-actors-akshay-kumar-and-tiger-shroff-predict-these-teams-will-make-into-playoffs-article-12598881.html,2024-04-08T09:47:33Z,"The 17th season of the IPL is proving to be as unpredictable and thrilling as ever. With the league still wide open, Bollywood actors Akshay Kumar and Tiger Shroff#39;s predictions add an interesting twist to the ongoing speculations."
Watch - 'Individual performances don't matter': Rohit Sharma after Mumbai Indians win against Delhi Capitals,https://timesofindia.indiatimes.com/sports/cricket/ipl/top-stories/watch-individual-performances-dont-matter-rohit-sharma-after-mumbai-indians-win-against-delhi-capitals/articleshow/109129771.cms,2024-04-08T09:13:44Z,"Mumbai Indians secured victory against Delhi Capitals at Wankhede Stadium in IPL 2024. Rohit Sharma excelled with 49 runs, praised as senior statesman for focusing on team goals over individual performances. Rohit hit 3 sixes and 6 fours in his knock and sure…"
"CSK vs KKR IPL 2024 Match today: Pitch report, playing XI & weather prediction, head-to-head record",https://economictimes.indiatimes.com/news/sports/ipl-2024-csk-vs-kkr-pitch-report-ma-chidambaram-stadium-today-match-chennai-super-kings-kolkata-knight-riders-dream-11-predictions-ruturaj-gaikwad-shreyad-iyer-runku-singh/articleshow/109126941.cms,2024-04-08T08:07:20Z,"CSK vs KKR Pitch Report, IPL 2024: Ruturaj Gaikwad's Chennai Super Kings face Shreyas Iyer's Kolkata Knight Riders in IPL Match 22. CSK seeks redemption after two consecutive losses, while unbeaten KKR aims to extend their winning streak. Key players to watch…"
Cognizant eyes Indian sports leagues after debut sponsorship in US Major League Cricket,https://www.moneycontrol.com/news/technology/cognizant-eyes-indian-sports-leagues-after-debut-sponsorship-in-us-major-league-cricket-12595551.html,2024-04-08T06:52:17Z,"The IT company which has golf, car racing in its sports sponsorship portfolio has made its debut in cricket. It spends less than 20 percent of its marketing spends on sports sponsorship."
Drake offers to pay for fan's divorce proceedings mid-concert,https://timesofindia.indiatimes.com/entertainment/english/music/news/drake-offers-to-pay-for-fans-divorce-proceedings-mid-concert/articleshow/109124132.cms,2024-04-08T06:39:03Z,"During his recent It's All a Blur Tour stop, rapper Drake showed his generosity by offering to cover a fan's legal fees for a divorce. Videos from the concert surfaced online, capturing Drake's promise to help the fan transition into single life. This isn't t…"
"Kolkata to make a debut at Tomorrowland, Belgium",https://timesofindia.indiatimes.com/life-style/spotlight/kolkata-to-make-a-debut-at-tomorrowland-belgium/articleshow/109124090.cms,2024-04-08T06:37:07Z,Kolkata based 25-year-old musician Kaushik Das also known as DJ Roop is all set to become the only Indian this year and first musician from West Benga.
"Huma Qureshi drops childhood pictures with her ""cartoon"" brother Saqib Saleem",https://timesofindia.indiatimes.com/entertainment/hindi/bollywood/news/huma-qureshi-drops-childhood-pictures-with-her-cartoon-brother-saqib-saleem/articleshow/109123928.cms,2024-04-08T06:35:58Z,"Today marks actor Saqib Saleem's birthday, and his sister Huma Qureshi made the occasion extra special with an endearing Instagram post. Sharing their childhood memories, Huma expressed her love for her brother, referring to him as her ""cartoon."" The siblings…"
"Jelly Roll, Lainey Wilson and other record-breaking artists shine at the 2024 CMT Music Awards",https://timesofindia.indiatimes.com/entertainment/english/music/news/jelly-roll-lainey-wilson-and-other-record-breaking-artists-shine-at-the-2024-cmt-music-awards/articleshow/109123764.cms,2024-04-08T06:26:34Z,"Jelly Roll shines once again at the 2024 CMT Music Awards, securing three top honors for his hit track ""Need a Favor."" Hosted by Kelsea Ballerini, the event in Austin, Texas, witnessed Jelly Roll's consecutive triumph, as his song dominated categories like Vi…"
I'm excited for my Tamil debut with Vijay Antony's Valli Mayil: Faria Abdullah,https://timesofindia.indiatimes.com/entertainment/telugu/movies/news/im-excited-for-my-tamil-debut-with-vijay-antonys-valli-mayil-faria-abdullah/articleshow/109105500.cms,2024-04-08T06:22:15Z,"Faria Abdullah, in an interview with Hyderabad Times, recalls her journey to become an actor, opens up about her physical transformation and upcoming projects."
IPL 2024: Lizaad Williams joins Delhi Capitals as replacement for Harry Brook,https://economictimes.indiatimes.com/news/sports/ipl-2024-lizaad-williams-joins-delhi-capitals-as-replacement-for-harry-brook/articleshow/109123077.cms,2024-04-08T06:05:17Z,"Lizaad Williams joins Delhi Capitals in IPL 2024, replacing Harry Brook who withdrew post grandmother's demise. Williams, a South African bowler, comes in for Rs 50 lakh. Brook, signed for Rs 4 crore, withdrew after his record 55-ball hundred in the UAE."
"‘Rs 3-4 lakh per session’: Dinesh Karthik gives insider’s peek into Mumbai Indians, regrets leaving IPL team",https://www.businesstoday.in/sports/story/rs-3-4-lakh-per-session-dinesh-karthik-gives-insiders-peek-into-mumbai-indians-regrets-leaving-ipl-team-424673-2024-04-08,2024-04-08T05:45:27Z,Dinesh Karthik mentioned that as a player you have a greater chance of improving your game if you are at Mumbai Indians.
Alliant Energy Co. (NASDAQ:LNT) Receives $54.06 Consensus Target Price from Analysts,https://www.etfdailynews.com/2024/04/08/alliant-energy-co-nasdaqlnt-receives-54-06-consensus-target-price-from-analysts/,2024-04-08T05:30:43Z,"Shares of Alliant Energy Co. (NASDAQ:LNT – Get Free Report) have received a consensus rating of “Hold” from the seven analysts that are presently covering the company, Marketbeat.com reports. Four analysts have rated the stock with a hold recommendation and t…"
"IPL 2024: LSG's triple triumph on the trot as Yash Thakur, Marcus Stoinis shine",https://timesofindia.indiatimes.com/sports/cricket/ipl/top-stories/ipl-2024-lsgs-triple-triumph-on-the-trot-as-yash-thakur-marcus-stoinis-shine/articleshow/109120520.cms,2024-04-08T04:39:46Z,"Lucknow Super Giants defended 163 runs at Ekana stadium against Gujarat Titans. Yash Thakur's five-wicket haul earned him man of the match. The team's solid bowling attack led to their victory. LSG pacer Yash Thakur, who stole the show by claiming five wicket…"
IPL 2024: Romario Shepherd credits Kieron Pollard for last-over heroics against Delhi Capitals,https://timesofindia.indiatimes.com/sports/cricket/ipl/top-stories/ipl-2024-romario-shepherd-credits-kieron-pollard-for-last-over-heroics-against-delhi-capitals/articleshow/109120305.cms,2024-04-08T04:27:55Z,"Romario Shepherd, IPL player since 2022, shifted to Mumbai Indians from Lucknow Super Giants. He impressed against Delhi Capitals with 32 runs. Previously bought by Sunrisers Hyderabad, Shepherd now joins West Indian instant hits at MI like Lendl Simmons, Dwa…"
IPL 2024: Romario Shepherd's last-over onslaught against Delhi Capitals helps Mumbai Indians seal first win,https://timesofindia.indiatimes.com/sports/cricket/ipl/top-stories/ipl-2024-romario-shepherds-last-over-onslaught-against-delhi-capitals-helps-mumbai-indians-seal-first-win/articleshow/109119841.cms,2024-04-08T04:23:33Z,"At Wankhede Stadium, Mumbai Indians secured their first win by defeating Delhi Capitals. Romario Shepherd's pivotal 32 runs off Anrich Nortje's final over led MI to post 234-5, a challenging target that DC fell short of, scoring 205 for eight. MI's total was …"
IPL 2024 Updated Points Table: Lucknow Super Giants moves to third spots as Gujarat Titans slip to seventh spot,https://economictimes.indiatimes.com/news/sports/ipl-2024-points-table-lucknow-super-giants-reaches-third-spot-after-defeating-gujarat-titans-rajasthan-royals-still-at-the-top-of-the-table-check-latest-rankings/articleshow/109118895.cms,2024-04-08T03:49:11Z,"Lucknow Super Giants secured a 33-run victory over Gujarat Titans in a thrilling IPL 2024 match. Marcus Stoinis' impressive all-round performance and Yash Thakur's exceptional bowling were instrumental in LSG's triumph. LSG set a challenging target of 164, wi…"
IPL 2024: Kolkata Knight Riders aim to ambush Chennai Super Kings at Chepauk,https://timesofindia.indiatimes.com/sports/cricket/ipl/top-stories/ipl-2024-kolkata-knight-riders-aim-to-ambush-chennai-super-kings-at-chepauk/articleshow/109117778.cms,2024-04-08T02:42:00Z,"The fact that the Chepauk pitches have been conducive for stroke-making will light up the eyes of the KKR batters, who have smashed more sixes (45 in 3 matches) than fours (44) so far this campaign. The bowling unit, led by Australian firebrand Mitch ell Star…"
"Aussies at the IPL: Marsh's hamstring concern, Maxwell and Green struggle",https://www.espncricinfo.com/story/aussies-at-the-ipl-2024-mitchell-marsh-s-hamstring-concern-glenn-maxwell-cameron-green-struggle-1428333,2024-04-08T02:40:08Z,"As the IPL starts to take shape, here's a recap of the main storylines involving the Australians"
Startups tap new pools of capital; consumer lending apps hit profitability,https://economictimes.indiatimes.com/tech/newsletters/morning-dispatch/startups-tap-new-pools-of-capital-consumer-lending-apps-hit-profitability/articleshow/109117025.cms,2024-04-08T01:38:32Z,"Capital pools have diversified amid the broader tech slowdown with large global, crossover and hedge funds mostly staying away from cutting new cheques. Domestic firms and family offices such as those run by Zerodha cofounder Nikhil Kamath, Manipal Group chai…"
Illegal betting sites start new innings as IPL action picks up,https://economictimes.indiatimes.com/tech/technology/illegal-sports-betting-sites-revive-activities-amid-ipl/articleshow/109110264.cms,2024-04-08T00:30:00Z,"Illegal sports betting sites like Parimatch, Betway, and 1XBet target IPL fans with discounts. E-Gaming Federation seeks government ban due to tax pilferage and national security risks. Fraudulent sites expose users to financial fraud."
Gaikwad's half-century helps CSK past KKR - IPL scorecard,https://www.bbc.co.uk/sport/cricket/scorecard/ECKE1220593,2024-04-08T00:00:00Z,Find out the in depth batting and bowling figures for Chennai Super Kings v Kolkata Knight Riders in the Indian Premier League on BBC Sport.
"After Back-To-Back Losses, CSK Bank On Home Advantage Against Unbeaten KKR",https://thehillstimes.in/sports/after-back-to-back-losses-csk-bank-on-home-advantage-against-unbeaten-kkr,2024-04-07T21:50:32Z,"Chennai, April 7: Defending champions Chennai Super Kings would expect a lot more from their top-order as they aim to get their campaign back on track against a power-packed Kolkata Knight Riders in the IPL here on Monday. Back-to-back defeats would not creat…"
Big-hitting Aussies shine in IPL victories,https://www.abc.net.au/news/2024-04-08/tim-david-marcus-stoinis-guide-teams-to-ipl-wins/103680404,2024-04-07T21:49:27Z,"Tim David and Marcus Stoinis have made it a fruitful day for Australian big hitters in India, with the two power batters helping muscle their sides to victory in the IPL."
All-Round Mumbai Indians End Losing Streak In IPL With 29–Run Win Over Delhi Capitals,https://thehillstimes.in/sports/all-round-mumbai-indians-end-losing-streak-in-ipl-with-29-run-win-over-delhi-capitals,2024-04-07T21:40:33Z,"Mumbai, Apr 7 (PTI) Romario Shepherd’s 10-ball 39 not out outmuscled Tristan Stubb’s courageous 71 off 25 balls as Mumbai Indians ended its three-match losing streak in the Indian Premier League with a 29–run win against Delhi Capitals here on Sunday. Concedi…"
Virat Kohli Said Pitch Was Two-Paced But It Never Looked Like One With The Way He Batted: Ajay Jadeja,https://thehillstimes.in/sports/virat-kohli-said-pitch-was-two-paced-but-it-never-looked-like-one-with-the-way-he-batted-ajay-jadeja,2024-04-07T21:30:45Z,"New Delhi, April 7: Virat Kohli reckoned that the Jaipur track was two-paced making strokeplay difficult but former India ODI skipper Ajay Jadeja felt that the manner in which the star batter batted, there seemed to be very little demons present in the 22-yar…"
"MI vs DC: Just Jasprit things as Bumrah produces a special yorker, Rohit vs Ishant in battle of Sharmas and more",https://indianexpress.com/article/sports/ipl/mi-vs-dc-jasprit-bumrah-rohit-sharma-ishant-sharma-9257073/,2024-04-07T19:13:19Z,IPL 2024 Emotional Rollercoaster: Mumbai Indians defeat Delhi Capitals by 29 runs
"Yash Thakur’s pace, Krunal Pandya’s guile orchestrate Lucknow Super Giants successful defence against Gujarat Titans",https://indianexpress.com/article/sports/ipl/ipl-2024-lsg-vs-gt-yash-thakur-krunal-pandya-9257051/,2024-04-07T18:55:50Z,"After Nicholas Pooran and Marcus Stoinis help hosts to a fighting total, Lucknow's bowlers make light of Mayank Yadav's injury to seal 33-run win"
Shepherd blasts 32 in final over as Mumbai take first IPL win,https://www.france24.com/en/live-news/20240407-shepherd-blasts-32-in-final-over-as-mumbai-take-first-ipl-win-1,2024-04-07T18:33:05Z,"In the second match of the day, seam bowler Yash Thakur took the first five-wicket haul of the IPL campaign to lead Lucknow Super Giants to a 33-run win over Gujarat Titans on home turf.

In match one, Shepherd crashed a 10-ball 39 in an unbeaten stand of 53 …"
Content behind blockbuster theatre footfall,https://economictimes.indiatimes.com/industry/media/entertainment/content-behind-blockbuster-theatre-footfall/articleshow/109112623.cms,2024-04-07T18:18:22Z,"As many as 78 credit cards of various banks have rolled out attractive offers on movie tickets such as buy one get one (BOGO) free ticket, discount up to a certain ticket price, providing a fixed number of free tickets in a month, cash back on tickets, or pre…"
Thakur claims first five-wicket haul of IPL season as Lucknow win,https://www.france24.com/en/live-news/20240407-thakur-claims-first-five-wicket-haul-of-ipl-season-as-lucknow-win,2024-04-07T18:09:05Z,"Thakur returned figures of 5-30 to help bowl out Gujarat for 130 in their chase of 164 as hosts Lucknow won by 33 runs in the 21st match of this edition of the T20 tournament.

The 25-year-old Thakur, who is yet to play an international, wrapped up the match …"
JioCinema woos small advertisers for IPL,https://economictimes.indiatimes.com/industry/media/entertainment/jiocinema-woos-small-advertisers-for-ipl/articleshow/109112199.cms,2024-04-07T17:32:34Z,"""Google and Meta have built massive digital advertising businesses thanks to SMBs. JioCinema is wooing these advertisers with live sports as a hook,"" an advertising expert said, adding that building long-tail advertisers will help reduce dependence on large a…"
Jinx-breaking East Bengal stay in ISL playoff mix,https://timesofindia.indiatimes.com/sports/football/indian-super-league/top-stories/jinx-breaking-east-bengal-stay-in-isl-playoff-mix/articleshow/109111973.cms,2024-04-07T17:07:44Z,"Football News: A four-season-old jinx is broken finally. And with it, East Bengal are back in the Indian Super League's playoff race with renewed hope."
"IPL Fan Paid Rs 4,500 For SRH Vs CSK Match, Ended Up Standing",https://www.ndtv.com/feature/ipl-fan-paid-rs-4-500-for-srh-vs-csk-match-ended-up-standing-5394761,2024-04-07T17:06:06Z,"Disappointed, he shared his experience on social media platform X, requesting a refund."
India suffer 2-4 defeat against Australia in second hockey Test,https://timesofindia.indiatimes.com/sports/hockey/top-stories/india-suffer-2-4-defeat-against-australia-in-second-hockey-test/articleshow/109111900.cms,2024-04-07T16:59:25Z,The Indian men's hockey team put up a much-improved performance during the second game of their five-match Test series against Australia in Perth on Sunday but still they fell short against the hosts who scored three goals in the third quarter to win 4-2.
A day of siblings' fightback at Candidates chess tournament,https://timesofindia.indiatimes.com/sports/chess/a-day-of-siblings-fightback-at-candidates-chess-tournament/articleshow/109111850.cms,2024-04-07T16:54:20Z,"A day after losing their respective games, Praggnanandhaa R and his elder sister Vaishali R enjoyed a special Saturday, both getting decisive results in Round 3 of the Candidates chess tournament in Toronto."
In Pics - Shepherd blasts 32 in final over as MI take first IPL win,https://timesofindia.indiatimes.com/sports/cricket/ipl/web-stories/romario-shepherd-blasts-32-in-final-over-as-mumbai-indians-take-first-ipl-win/photostory/109111292.cms,2024-04-07T16:04:15Z,Read more on TOI Sports
Tyranny of Content Algorithms,https://om.co/2024/04/07/tyranny-of-content-algorithms/,2024-04-07T15:38:49Z,"Algorithms feed content, not creativity. How has the campaign for clicks drowned true artistry amidst the noise?"
"Romario Shepherd smacked 32 in last over for Mumbai, while Tristan Stubbs left stranded at non-striker’s, as Delhi falter",https://indianexpress.com/article/sports/ipl/romario-shepherd-mumbai-indians-tristan-stubbs-mi-vs-dc-9256803/,2024-04-07T15:32:16Z,"Mumbai batting gets off the mark as Rohit Sharma, Ishant Kishan and Shepherd post 234/5; Prithvi Shaw's hitting in vain for DC"
Hardik Pandya finds relief from unending booing as MI secures first IPL 2024 win,https://economictimes.indiatimes.com/news/sports/hardik-pandya-finds-relief-from-unending-booing-as-mi-secures-first-ipl-2024-win/articleshow/109110895.cms,2024-04-07T15:29:52Z,Hardik Pandya faced booing at IPL matches but received cheers at Wankhede Stadium. Sanjay Manjrekar and Sourav Ganguly appealed for fan restraint. R Ashwin criticized fan behavior towards Indian cricketers on YouTube.
MI vs DC: Memes flood Twitter after Mumbai Indians trounce Delhi Capitals to secure their first IPL 2024 win,https://economictimes.indiatimes.com/news/sports/mi-vs-dc-memes-flood-after-mumbai-indians-trounce-delhi-capitals-to-get-its-first-ipl-2024-win/articleshow/109110830.cms,2024-04-07T15:26:43Z,Delhi Capitals' fourth loss in five IPL matches led to them being last on the table. Mumbai Indians posted 234/5 with significant contributions from various players. Netizens expressed frustration on social media after DC's defeat.
Meet Romario Shepherd who slammed 39 runs in 10 balls in MI vs DC IPL match,https://economictimes.indiatimes.com/news/sports/meet-romario-shepherd-who-slammed-39-runs-in-10-balls-in-mi-vs-dc-ipl-match/articleshow/109110311.cms,2024-04-07T14:42:46Z,"Romario Shepherd, the dynamic all-rounder from Guyana, showcased explosive batting skills in the IPL match at Wankhede stadium. His powerful hits and versatile gameplay led Mumbai Indians to victory in the thrilling encounter."
IPL 2024: All-round Mumbai Indians ease past Delhi Capitals for first win of season,https://timesofindia.indiatimes.com/sports/cricket/ipl/top-stories/all-round-mumbai-indians-ease-past-delhi-capitals-for-first-win-of-season/articleshow/109110207.cms,2024-04-07T14:36:10Z,"Romario Shepherd's 10-ball 39 not out outmuscled Tristan Stubb's courageous 71 off 25 balls as Mumbai Indians ended its three-match losing streak in the Indian Premier League with a 29–run win against Delhi Capitals on Sunday. After MI posted 234/5, DC got to…"
"IPL 2024: Rajasthan Royals player Jos Buttler recreates Anil Kapoor#39;s iconic scene from Nayak, actor reacts",https://www.moneycontrol.com/entertainment/movies/ipl-2024-rajasthan-royals-player-jos-buttler-recreates-anil-kapoors-iconic-scene-from-nayak-actor-reacts-article-12592621.html,2024-04-07T14:28:35Z,"Adding to the buzz, Bollywood star Anil Kapoor came across the video and couldn#39;t help but express his admiration for Buttler#39;s performance, calling it #39;fire#39;."
Shepherd blasts 32 in final over as Mumbai take first IPL win,https://www.france24.com/en/live-news/20240407-shepherd-blasts-32-in-final-over-as-mumbai-take-first-ipl-win,2024-04-07T14:23:06Z,"The West Indies big-hitter crashed a 10-ball 39 in an unbeaten stand of 53 off 13 deliveries with Tim David, who struck 45, to steer Mumbai to 234-5 at their home Wankhede Stadium.

Delhi finished on 205-8 despite Tristan Stubbs' unbeaten 25-ball 71. They slu…"
Batters must come to the party for CSK against powerplay bosses KKR,https://www.espncricinfo.com/series/indian-premier-league-2024-1410320/chennai-super-kings-vs-kolkata-knight-riders-22nd-match-1426260/match-preview,2024-04-07T14:19:16Z,"In two games at Chepauk in IPL 2024 so far, fast bowlers have picked up 18 wickets, while spinners have four (and none of those have gone to CSK)"
MI vs DC: Mumbai Indians beat Delhi Capitals by 29 runs to win first game of ongoing IPL season,https://economictimes.indiatimes.com/news/sports/mi-vs-dc-mumbai-indians-beat-delhi-capitals-by-29-runs-to-win-first-game-of-ongoing-ipl-season/articleshow/109110026.cms,2024-04-07T14:12:55Z,"Hardik Pandya led Mumbai Indians to a 29-run victory over Delhi Capitals in his first win as skipper. Romario Shepherd's 39 not out played a key role. Tristan Stubbs' 71 not out couldn't save DC, ending at 205 for 8."
"IPL 2024: Mumbai Indians#39; ex-captain Rohit Sharma on how his wife Ritika Sajdeh is his support system: She keeps her fingers crossed in my all matches, it matters to me a lot",https://www.moneycontrol.com/entertainment/ott/ipl-2024-mumbai-indians-ex-captain-rohit-sharma-on-how-his-wife-ritika-sajdeh-is-his-support-system-she-keeps-her-fingers-crossed-in-my-all-matches-it-matters-to-me-a-lot-article-12592481.html,2024-04-07T14:09:40Z,"In the recent episode on #39;The Great Indian Kapil Show#39;, cricketer and former India skipper Rohit Sharma spoke about Ritika Sajdeh, who#39;s both his wife and manager, and gives a unique perspective on the game, and is crucial for Rohit#39;s career by hi…"
"IPL 2024 Purple Cap: Khaleel Ahmed rises to third, overtakes Mustafizur Rahman and Mayank Yadav",https://indianexpress.com/article/sports/ipl/ipl-2024-purple-cap-yuzvendra-chahal-khaleel-ahmed-mi-vs-dc-match-9256409/,2024-04-07T13:45:38Z,"IPL 2024 Purple Cap Holder: Rajasthan Royals' Yuzvendra Chahal still holds the top slot with eight wickets in four outings, while Gujarat Titans' Mohit Sharma sits at second with seven scalps."
Rohit Sharma becomes 2nd player after Virat Kohli to create this IPL record,https://economictimes.indiatimes.com/news/sports/rohit-sharma-becomes-2nd-player-after-virat-kohli-to-create-this-ipl-record/articleshow/109108982.cms,2024-04-07T13:05:48Z,"Rohit Sharma, playing for Mumbai Indians, achieved 1000 runs against Delhi Capitals in an IPL match, following Virat Kohli. Additionally, David Warner reached the same milestone, with DC winning the toss at Wankhede Stadium."
"Lucnnow Super Giants vs Gujrat Titans | LSG vs GT Live Score Updates, IPL Cricket 2024: Head-to-Head",https://economictimes.indiatimes.com/news/sports/lucnnow-super-giants-vs-gujrat-titans-live-score-updates-ipl-cricket-t20-21st-match-lsg-vs-gt-match-score-today-07-april-2024-weather-update-dream-11-live-commentary/liveblog/109108938.cms,2024-04-07T13:00:01Z,"It's a super Sunday in the ongoing Indian Premier League (IPL) as Gujarat Titans brace themselves to face their contemporaries, Lucknow Super Giants and giving us a perfect battle of the newbies. Led by Shubman Gill, GT, have had a mixed campaign with two win…"
"MI vs DC: At 32 runs, Delhi Capitals' Anrich Nortje bowls IPL 2024's most expensive last over. Watch the video",https://economictimes.indiatimes.com/news/sports/mi-vs-dc-at-32-runs-delhi-capitals-anrich-nortje-bowls-ipl-2024s-most-expensive-last-over-watch-the-video/articleshow/109107984.cms,2024-04-07T11:58:24Z,"Anrich Nortje's costly over against MI led to a formidable total. Key players like Suryakumar Yadav, Tim David, and Hardik Pandya performed well. Wankhede Stadium ambiance and young supporters added excitement to the match."
IPL 2024 Live Score: LSG vs GT,https://timesofindia.indiatimes.com/sports/cricket/ipl-live-score-lsg-vs-gt-ipl-match-today-7th-april-lucknow-super-giants-vs-gujarat-titans-live/liveblog/109107958.cms,2024-04-07T11:54:56Z,IPL Live Score LSG vs GT: New pace sensation Mayank Yadav will be closely followed by all and sundry after his match-winning performances as Lucknow
"MI vs DC 2024 IPL match: Hardik Pandya, Rohit Sharma & other players of Mumbai Indians' share special message for fans",https://economictimes.indiatimes.com/news/sports/mi-vs-dc-2024-ipl-match-hardik-pandya-rohit-sharma-other-players-of-mumbai-indians-share-special-message-for-fans/articleshow/109107701.cms,2024-04-07T11:37:35Z,"MI shared a video featuring Pandya and Sharma before MI vs DC 2024 IPL, aiming to bring joy to young fans. Ganguly supports Pandya over captaincy change. MI struggles under Pandya's leadership while Rohit Sharma, as former captain, mentored many players."
"March sales indicate sizzling summer prospects for AC, beverage and ice-cream players",https://www.thehindubusinessline.com/companies/march-sales-indicate-sizzling-summer-prospects-for-ac-beverage-and-ice-cream-players/article68039096.ece,2024-04-07T11:28:27Z,"Triggered by the elections, the timely onset of summer and the four-month long cricket tournaments, companies hoping for a bumper season"
"IPL Live: LSG eye third consecutive win, face GT",https://timesofindia.indiatimes.com/sports/cricket/lsg-vs-gt-ipl-live-score-lucknow-super-giants-vs-gujarat-titans-live-match-score-updates/liveblog/109107154.cms,2024-04-07T11:05:31Z,LSG vs GT IPL 2024 Live Score: New pace sensation Mayank Yadav will be closely followed by all and sundry after his match-winning performances as Luc
Maidaan Advance Booking: A Good Start For Ajay Devgn's Film,https://www.ndtv.com/entertainment/maidaan-advance-booking-ajay-devgn-s-film-records-22-09-lakh-for-day-1-5392768,2024-04-07T10:50:20Z,Maidaan will be clashing at the box office with Akshay Kumar and Tiger Shroff's Bade Miyan Chote Miyan
"LSG vs GT Live Score, IPL 2024: Mayank Yadav in focus vs Gujarat Titans in Lucknow; Toss, Playing XI updates",https://indianexpress.com/article/sports/cricket/lsg-vs-gt-live-score-ipl-2024-match-21-today-lucknow-super-giants-vs-gujarat-titans-scorecard-updates-9255877/,2024-04-07T09:38:52Z,"Lucknow Super Giants vs Gujarat Titans Live Score, IPL 2024: Catch the live updates of the toss, Playing XI info and live match scorecard from the LSG vs GT match at the Ekana Stadium."
"Mumbai Indians vs Delhi Capitals | MI vs DC Live Score Updates, IPL Cricket 2024: Head-to-Head",https://economictimes.indiatimes.com/news/sports/mumbai-indians-vs-delhi-capitals-live-score-updates-ipl-cricket-t20-20th-match-mi-vs-dc-match-score-today-07-april-2024-weather-update-dream-11-live-commentary/liveblog/109104828.cms,2024-04-07T08:59:50Z,"Delhi Capitals vs Mumbai Indians: It's redemption time for both teams Once again, Mumbai Indians are in the same spot they have been before and it would be utterly mad to write them off. Though they have suffered three consecutive defeats in as many contests,…"
Live Blog: Mumbai Indians vs Delhi Capitals,https://timesofindia.indiatimes.com/sports/cricket/ipl-live-score-mi-vs-dc-match-today-7th-april-mumbai-indians-vs-delhi-capitals-match-20-wankhede-stadium-mumbai/liveblog/109104815.cms,2024-04-07T08:58:42Z,IPL Live Score MI vs DC: Delhi Capitals opted to bowl against Mumbai Indians in their IPL match here on Sunday with the world's number one T20 batter
"S Sreesanth Got Away Due To Lack Of Sports Law, Says Cop Who Arrested Him",https://www.ndtv.com/india-news/s-sreesanth-got-away-due-to-lack-of-sports-law-says-cop-who-arrested-him-5392105,2024-04-07T08:02:09Z,"Stakeholders showed a distinct lack of seriousness in bringing a law against corruption in Indian sports, a reason why S Sreesanth got away despite strong evidence of spot-fixing against him in the 2013 IPL, former Police Commissioner Neeraj Kumar."
IPL 2024 Purple Cap: Yuzvendra Chahal tops list with 8 wickets; rising star Mayank Yadav in top 5,https://economictimes.indiatimes.com/news/sports/ipl-2024-purple-cap-yuzvendra-chahal-tops-list-with-8-wickets-lsgs-mayank-yadav-also-in-the-list/articleshow/109103073.cms,2024-04-07T07:54:39Z,"Yuzvendra Chahal takes the lead in IPL's Purple Cap race, followed by Mayank Yadav and Mustafizur Rahman. Exciting competition among top bowlers in the ongoing tournament."
"LSG vs GT Pitch Report: Squad, weather, head-to-head, other details",https://economictimes.indiatimes.com/news/sports/ipl-2024-lsg-vs-gt-pitch-report-ekana-sports-city-lucknow-stadium-today-match-lucknow-super-giants-gujarat-titans-dream-11-predictions-kl-rahul-shubman-gill/articleshow/109103622.cms,2024-04-07T07:53:20Z,"LSG vs GT Pitch Report, IPL 2024: KL Rahul's LSG to battle Shubman Gill's GT at Bharat Ratna Shri Atal Bihari Vajpayee Ekana Stadium. LSG in fourth, GT seventh. Mixed campaign, red dirt, clear skies, Live Broadcast, Squads, JioCinema. The balls grip and arriv…"
Snacks to munch while watching IPL,https://economictimes.indiatimes.com/news/web-stories/snacks-to-munch-while-watching-ipl/slideshow/109103005.cms,2024-04-07T07:17:03Z,​It goes without saying that enjoying a great snack and the entire experience at home is preferred while watching a game that will be televised for three or four hours. ​
"IPL Live, MI vs DC: Desperate to win, Mumbai host Delhi",https://timesofindia.indiatimes.com/sports/cricket/mi-vs-dc-ipl-2024-live-score-today-mumbai-indians-vs-delhi-capitals-match-20-wankhede-stadium-mumbai/liveblog/109102685.cms,2024-04-07T07:00:04Z,"MI vs DC IPL 2024 Live Score: Now that much water has passed under the bridge, the biggest task in front of Mumbai Indians will be to arrest their se"
"MI vs DC Pitch Report: Could Suryakumar Yadav be the key to Mumbai's first victory? Head-to-head statistics, other details",https://economictimes.indiatimes.com/news/sports/ipl-2024-mi-vs-dc-pitch-report-wankhede-stadium-today-match-mumbai-indians-delhi-capitals-dream-11-predictions-hardik-pandya-rohit-sharma-rishabh-pant/articleshow/109102348.cms,2024-04-07T06:45:23Z,"MI vs DC Pitch Report, IPL 2024: Delhi Capitals and Mumbai Indians clash at Wankhede on April 7. MI's struggles continue as Suryakumar Yadav returns, while DC seeks to build on their recent win against CSK. Hardik Pandya's captaincy remains under scrutiny. Hi…"
Ricky Ponting has had a few tough years at Delhi Capitals: Shane Watson,https://timesofindia.indiatimes.com/sports/cricket/ipl/top-stories/ricky-ponting-has-had-a-few-tough-years-at-delhi-capitals-shane-watson/articleshow/109100430.cms,2024-04-07T04:38:23Z,"Ricky Ponting, Delhi Capitals' coach, aspires for IPL success. Shane Watson emphasizes DC's consistency need. Watson praises Ponting's leadership, influencing his cricket. Ponting's non-playing role impacts Watson's game."
Buttler roars back into form as Rajasthan remain unbeaten,https://www.channelnewsasia.com/sport/buttler-roars-back-form-rajasthan-remain-unbeaten-4248676,2024-04-07T04:30:51Z,NEW DELHI : Jos Buttler was a much relieved man on Saturday after the Rajasthan Royals opener roared back into form with a scintillating hundred to fashion his team's fourth consecutive victory in the ongoing Indian Premier League (IPL).The England white-ball…
"MI vs DC 2024, IPL Match Today: Playing XI prediction, head-to-head stats, key players, pitch report and weather update",https://indianexpress.com/article/sports/ipl/mi-vs-dc-2024-ipl-match-today-overview-weather-report-head-to-head-key-players-to-watch-pitch-report-venue-details-9255763/,2024-04-07T04:21:50Z,"Mumbai Indians vs Delhi Capitals, IPL 2024: A look at the Playing XI prediction, head-to-head stats, venue records, pitch and weather updates of the MI vs DC clash at the Wankhede Stadium on Sunday."
"IPL 2024 orange cap: Virat Kohli, purple cap: Yuzvendra Chahal",https://www.espncricinfo.com/story/ipl-2024-latest-orange-cap-and-purple-cap-holders-1426631,2024-04-07T04:11:09Z,Which players currently hold the orange and purple caps in the 2024 IPL?
How Jos Buttler spoiled Virat Kohli's party,https://timesofindia.indiatimes.com/sports/cricket/ipl/top-stories/ipl-2024-how-jos-buttler-spoiled-virat-kohlis-party/articleshow/109100053.cms,2024-04-07T04:07:57Z,"Jos Buttler's unbeaten 100 overshadowed Virat Kohli's 113 as Royals beat RCB. Buttler's 100th IPL game, sixth century, led to their victory with Samson's support. Kohli's first century against Royals was not enough for RCB. With this win, Royals have extended…"
Sourav Ganguly reacts to MI skipper being ‘booed’ by fans: 'Not Hardik Pandya’s fault...',https://economictimes.indiatimes.com/news/et-tv/sourav-ganguly-reacts-to-mi-skipper-being-booed-by-fans-not-hardik-pandyas-fault-/videoshow/109099328.cms,2024-04-07T03:03:38Z,"With straight three defeats in three games, new Mumbai Indians skipper Hardik Pandya hasn't hoped for this poor start in the 17th edition of the Indian Premier League (IPL). Hardik has been subjected to not only plenty of online trolling and abuse but also fa…"
Sourav Ganguly reacts to MI skipper being ‘booed’ by fans: 'Not Hardik Pandya’s fault...',https://economictimes.indiatimes.com/news/sports/sourav-ganguly-reacts-to-mi-skipper-being-booed-by-fans-not-hardik-pandyas-fault-/videoshow/109099327.cms,2024-04-07T03:03:38Z,"With straight three defeats in three games, new Mumbai Indians skipper Hardik Pandya hasn't hoped for this poor start in the 17th edition of the Indian Premier League (IPL). Hardik has been subjected to not only plenty of online trolling and abuse but also fa…"
IPL 2024: All eyes on Mayank Yadav as Lucknow Super Giants eye hat-trick,https://timesofindia.indiatimes.com/sports/cricket/ipl/top-stories/ipl-2024-all-eyes-on-mayank-yadav-as-lucknow-super-giants-eye-hat-trick/articleshow/109099300.cms,2024-04-07T03:02:47Z,"The Titans, led by young captain Shubman Gill, have played four matches with two victories and two defeats and need to win against LSG to strengthen their position. With the brilliant performance by its players, especially the express pace of Mayank Yadav, LS…"
"IPL 2024: Mumbai Indians, Delhi Capitals look to salvage season",https://timesofindia.indiatimes.com/sports/cricket/ipl/top-stories/ipl-2024-mumbai-indians-delhi-capitals-look-to-salvage-season/articleshow/109099007.cms,2024-04-07T02:28:46Z,"In 2014 Mumbai Indians lost five on the trot but still made it to the playoffs. In 2015 they suffered four-straight defeats before going on to clinch the title. In the 2024 edition, they have been slow off the blocks once again having lost their first three. …"
Buttler’s century powers RR to fourth consecutive victory in IPL thriller against RCB,https://english.khabarhub.com/2024/07/349682/,2024-04-07T01:03:22Z,"KATHMANDU: In a thrilling encounter at the Sawai Mansingh Stadium in Jaipur, Rajasthan Royals (RR) secured their fourth consecutive victory in the IPL by defeating Royal Challengers Bangalore (RCB) in a high-scoring match. Jos Buttler’s scintillating century …"
IPL sees flat growth in TV ad volumes for first 15 matches,https://economictimes.indiatimes.com/industry/services/advertising/ipl-sees-flat-growth-in-tv-ad-volumes-for-first-15-matches/articleshow/109098506.cms,2024-04-07T00:58:02Z,"The top five categories present in IPL 2024 together comprised 52% share of ad volumes, with Ecom-Gaming leading the list. The Ecom-Gaming category dominated the category list in all 15 matches of IPL 2024. Apart from Ecom-Gaming, the top five categories incl…"
Mumbai beat Delhi for first win of season - IPL scorecard,https://www.bbc.co.uk/sport/cricket/scorecard/ECKE1220448,2024-04-07T00:00:00Z,Find out the in depth batting and bowling figures for Mumbai Indians v Delhi Capitals in the Indian Premier League on BBC Sport.
‘Battle Royal’: Jos Bosses ‘King Kohli’ As Rajasthan Move To Top Of Table In ‘Pink City’,https://thehillstimes.in/sports/battle-royal-jos-bosses-king-kohli-as-rajasthan-move-to-top-of-table-in-pink-city,2024-04-06T21:25:23Z,"Jaipur, Apr 6 (PTI) Jos Buttler roared back to form with a masterful century that overshadowed Virat Kohli’s record-extending 113 as Rajasthan Royals defeated Royal Challengers Bengaluru by six wickets for a fourth win in as many matches in the IPL, here on S…"
RCB Should Try To Chase Targets To Revive Fortunes: Sunil Gavaskar,https://thehillstimes.in/sports/rcb-should-try-to-chase-targets-to-revive-fortunes-sunil-gavaskar,2024-04-06T21:15:00Z,"Bengaluru, Apr 6 (PTI) Legendary batter Sunil Gavaskar said on Saturday that the embattled Royal Challengers Bengaluru should try to chase targets more to revive their fortunes in the ongoing Indian Premier League (IPL). RCB are currently languishing at eight…"
Rookie Pacer Mayank Yadav In Focus As Lucknow Super Giants Eye Third Consecutive Win In IPL,https://thehillstimes.in/sports/rookie-pacer-mayank-yadav-in-focus-as-lucknow-super-giants-eye-third-consecutive-win-in-ipl,2024-04-06T21:05:45Z,"Lucknow, Apr 6 (PTI) New pace sensation Mayank Yadav will be closely followed by all and sundry after his match-winning performances as Lucknow Super Giants eye a hat-trick of wins when they take on an inconsistent Gujarat Titans in the Indian Premier League …"
"Suryakumar Yadav Back In Mix As Faltering Mumbai Indians, Delhi Capitals Desperate To Arrest Slide In IPL",https://thehillstimes.in/sports/suryakumar-yadav-back-in-mix-as-faltering-mumbai-indians-delhi-capitals-desperate-to-arrest-slide-in-ipl,2024-04-06T20:55:28Z,"Mumbai, Apr 6 (PTI) A fit-again Suryakumar Yadav will be expected to immediately deliver the goods when faltering Mumbai Indians and Delhi Capitals lock horns in a bid to arrest their slide in their Indian Premier League clash here on Sunday. With three losse…"
IPL 2024: Buttler trumps Kohli in battle of IPL tons as Rajasthan win,https://economictimes.indiatimes.com/news/sports/ipl-2024-buttler-trumps-kohli-in-battle-of-ipl-tons-as-rajasthan-win/articleshow/109095126.cms,2024-04-06T19:30:53Z,"England's Buttler reached his ton, from 58 balls, with a six in his 100th IPL match when Rajasthan needed one for victory in their chase of 184, with five balls to spare in Jaipur.  Buttler, who struck form after he scored 35 across the previous three matches…"
Buttler trumps Kohli in battle of IPL tons as Rajasthan win,https://www.france24.com/en/live-news/20240406-buttler-trumps-kohli-in-battle-of-ipl-tons-as-rajasthan-win,2024-04-06T18:31:05Z,"England's Buttler reached his ton, from 58 balls, with a six in his 100th IPL match when Rajasthan needed one for victory in their chase of 184, with five balls to spare in Jaipur.

Buttler, who struck form after he scored 35 across the previous three matches…"
Buttler 100* trumps Kohli's 113* as Royals go 4-0 up,https://www.espncricinfo.com/series/indian-premier-league-2024-1410320/rajasthan-royals-vs-royal-challengers-bengaluru-19th-match-1422137/match-report,2024-04-06T17:57:33Z,Royal Challengers Bengaluru slumped to their fourth defeat in four games in IPL 2024
Virat Kohli’s big T20 World Cup statement after hitting first century of IPL 2024,https://thehillstimes.in/sports/virat-kohlis-big-t20-world-cup-statement-after-hitting-first-century-of-ipl-2024,2024-04-06T17:09:23Z,The Income Tax department has frozen the account of the Thrissur district committee of the Communist Party of India (Marxist) in a nationalized bank in the district.
Kohli hits IPL century against Rajasthan Royals,https://www.bbc.co.uk/sport/cricket/68750374,2024-04-06T16:24:20Z,Virat Kohli hits a century for Royal Challengers Bengaluru against Rajasthan Royals in the Indian Premier League.
Kohli: I know I can step up at any point because I'm hitting the ball well,https://www.espncricinfo.com/story/kohli-i-know-i-can-step-up-at-any-point-because-i-m-hitting-the-ball-well-1428055,2024-04-06T16:18:45Z,RCB batter says it hasn't been a conscious decision to bat at a higher tempo this IPL season
Kohli hits first ton of IPL season as Bengaluru reach 183-3,https://www.france24.com/en/live-news/20240406-kohli-hits-first-ton-of-ipl-season-as-bengaluru-reach-183-3,2024-04-06T16:01:08Z,"The star batsman reached his eighth IPL ton in 67 balls and finished on an unbeaten 113 after Bengaluru were invited to bat first in the 19th match of the T20 tournament in Jaipur.

Kohli reached the three-figure mark with a single off Nandre Burger and took …"
IPL live in USA: Solar eclipse 2024 day schedule of Indian Premier League,https://economictimes.indiatimes.com/news/international/us/ipl-live-in-usa-solar-eclipse-2024-day-schedule-of-indian-premier-league/articleshow/109093206.cms,2024-04-06T15:54:46Z,"The ongoing Indian Premier League 2024 has attracted fans globally. With every match setting a new record, here’s who will be playing on the day of Total Solar Eclipse, that is, on April 8, Monday."
Most IPL hundreds: Virat Kohli scores record-extending 8th IPL century during RCB vs RR 2024 match,https://indianexpress.com/article/sports/ipl/most-ipl-hundreds-record-full-list-virat-kohli-hundreds-gayle-9255166/,2024-04-06T15:30:44Z,Most IPL hundreds: Virat Kohli extended his record tally with his eighth century in the IPL 2024 match between RCB and RR in Jaipur.
King Kohli's show in Jaipur: Virat smashes his 3rd half-century of IPL 2024,https://economictimes.indiatimes.com/news/sports/king-kohlis-show-in-jaipur-virat-smashes-his-3rd-half-century-of-ipl-2024/articleshow/109092549.cms,2024-04-06T15:02:46Z,"Virat Kohli scored his third half-century of the season in a match between the Royal Challengers Bengaluru (RCB) and Rajasthan Royals. Kohli opened with Faf du Plessis and has so far scored 59* runs in 43 balls. The Royals, who bowled after winning the toss, …"
Pune: Ten arrested for betting on IPL match between Gujarat Titans and Punjab Kings,https://indianexpress.com/article/cities/pune/ipl-betting-gujarat-titans-punjab-kings-9255067/,2024-04-06T13:45:42Z,Police have also named two more as accused in this case. The duo had allegedly opened bank accounts in the name of different persons and used it for financial dealings in sports betting.
"Iconic consoles of the IBM System/360 mainframes, 55 years old (2019)",https://www.righto.com/2019/04/iconic-consoles-of-ibm-system360.html,2024-04-06T13:41:54Z,"The IBM System/360 was a groundbreaking family of mainframe computers announced  on April 7, 1964. Designing the System/360 was an extremely..."
"Rajasthan Royals vs Royal Challengers Bengaluru | RR vs RCB Live Score Updates, IPL Cricket 2024: Key Players Shaping Bengaluru's Fate",https://economictimes.indiatimes.com/news/sports/rajasthan-royals-vs-royal-challengers-bengaluru-live-score-updates-ipl-cricket-t20-19th-match-rr-vs-rcb-match-score-today-06-april-2024-weather-update-dream-11-live-commentary/liveblog/109090904.cms,2024-04-06T12:59:55Z,"You know the weekend is here when two great teams lock horns and promise to give an exciting game of cricket. Today the Royal Challengers Bengaluru (RCB) and Rajasthan Royals (RR), two teams with contrasting positions in the Indian Premier League standings (I…"
Wanindu Hasaranga ruled out of IPL 2024,https://www.espncricinfo.com/story/srh-allrounder-wanindu-hasaranga-ruled-out-of-ipl-2024-1428006,2024-04-06T12:05:50Z,There's been no confirmation on a replacement yet but it is understood Sunrisers Hyderabad have been on the lookout
RCB should try to chase targets to revive fortunes: Sunil Gavaskar,https://economictimes.indiatimes.com/news/sports/rcb-should-try-to-chase-targets-to-revive-fortunes-sunil-gavaskar/articleshow/109089465.cms,2024-04-06T11:35:17Z,"Gavaskar was hinting at the out of form bowling unit of RCB that failed to defend totals on both the occasions they have been asked to. While chasing, the Bengaluru outfit has managed to eke out one win against Punjab Kings and went down against Lucknow Super…"
IPL Live Score: RR vs RCB,https://timesofindia.indiatimes.com/sports/cricket/ipl-live-score-rr-vs-rcb-match-today-6th-april-rajasthan-royals-vs-royal-challengers-bengaluru-scorecard/liveblog/109088892.cms,2024-04-06T11:10:27Z,IPL Live Score RR vs RCB: Struggling Royal Challengers Bengaluru and high-flying Rajasthan Royals bizarrely have similar worries to address when they
England’s T20 World Cup Team Must Learn To Fly Without Grounded Stokes,https://www.forbes.com/sites/timellis/2024/04/06/englands-t20-world-cup-team-must-learn-to-fly-without-grounded-stokes/,2024-04-06T10:44:26Z,England are preparing for their defense of the T20 Cricket World Cup without Ben Stokes. It's time for a new narrative in Jos Buttler's team.
IPL Live: Struggling RCB face high-flying Rajasthan Royals,https://timesofindia.indiatimes.com/sports/cricket/rr-vs-rcb-ipl-live-score-rajasthan-royals-vs-royal-challengers-bengaluru-live-match-score-updates/liveblog/109087829.cms,2024-04-06T10:26:37Z,RR vs RCB IPL Live Score: Struggling Royal Challengers Bengaluru and high-flying Rajasthan Royals bizarrely have similar worries to address when they
IPL 2024: Rajasthan Royals will solar power 6 homes for every 6 hit in the #PinkPromise match versus RCB dedicated to women,https://economictimes.indiatimes.com/news/sports/ipl-2024-rajasthan-royals-will-solar-power-6-homes-for-every-6-hit-in-the-pinkpromise-match-versus-rcb-dedicated-to-women/articleshow/109087122.cms,2024-04-06T10:10:53Z,"Rajasthan Royals empower women by providing solar power during PinkPromise match, unveiling a pink jersey, donating ticket sales to foundation, showcasing RRF beneficiaries, and CEO Jake Lush McCrum's vision."
